segment,label,speaker,start,end,orig_index
[ 00:00:00.030 -->  00:00:02.190],A,therapist,0.03096875,2.28378125,0
[ 00:00:02.376 -->  00:00:03.473],B,patient,2.28378125,4.08940625,1
[ 00:00:04.705 -->  00:00:05.093],C,therapist,4.08940625,5.49846875,2
[ 00:00:05.903 -->  00:00:07.658],D,patient,5.49846875,7.75128125,3
[ 00:00:07.844 -->  00:00:12.164],E,therapist,7.75128125,12.32440625,4
[ 00:00:12.484 -->  00:00:13.817],F,patient,12.32440625,14.54346875,5
[ 00:00:15.269 -->  00:00:16.028],G,therapist,14.54346875,16.46721875,6
[ 00:00:16.905 -->  00:00:19.808],H,patient,16.46721875,31.60409375,7
[ 00:00:31.857 -->  00:00:40.024],K,therapist,31.60409375,42.72471875,10
[ 00:00:42.724 -->  00:00:43.686],P,patient,42.72471875,43.68659375,13
[ 00:00:42.640 -->  00:00:43.905],O,therapist,43.68659375,44.70753125,12
[ 00:00:45.509 -->  00:00:47.854],R,patient,44.70753125,48.25128125,14
[ 00:00:48.647 -->  00:00:53.254],S,therapist,48.25128125,53.39815625,15
[ 00:00:53.541 -->  00:00:56.039],T,patient,53.39815625,55.14471875,16
[ 00:00:55.144 -->  00:00:57.220],U,therapist,55.14471875,56.41034375,17
[ 00:00:56.410 -->  00:00:57.321],V,patient,56.41034375,57.70971875,18
[ 00:00:58.097 -->  00:00:58.857],W,therapist,57.70971875,59.12721875,19
[ 00:00:59.397 -->  00:00:59.819],X,patient,59.12721875,60.78096875,20
[ 00:01:00.780 -->  00:01:01.320],Z,therapist,60.78096875,61.32096875,22
[ 00:01:00.527 -->  00:01:02.603],Y,patient,61.32096875,62.74690625,21
[ 00:01:02.890 -->  00:01:04.780],AA,therapist,62.74690625,65.17690625,23
[ 00:01:05.573 -->  00:01:07.109],AB,patient,65.17690625,67.54784375,24
[ 00:01:07.986 -->  00:01:09.539],AC,therapist,67.54784375,69.67409375,25
[ 00:01:09.809 -->  00:01:11.074],AD,patient,69.67409375,78.71909375,26
[ 00:01:18.719 -->  00:01:19.410],AH,therapist,78.71909375,79.44471875,30
[ 00:01:19.478 -->  00:01:20.237],AI,patient,79.44471875,83.98409375,31
[ 00:01:24.152 -->  00:01:27.274],AK,therapist,83.98409375,86.56596875,33
[ 00:01:26.565 -->  00:01:28.827],AL,patient,86.56596875,88.00034375,34
[ 00:01:28.000 -->  00:01:28.253],AM,therapist,88.00034375,88.25346875,35
[ 00:01:26.565 -->  00:01:28.827],AL,patient,88.25346875,89.02971875,34
[ 00:01:29.232 -->  00:01:32.100],AN,therapist,89.02971875,92.34565625,36
[ 00:01:32.590 -->  00:01:36.589],AO,patient,92.34565625,96.67409375,37
[ 00:01:36.758 -->  00:01:38.395],AP,therapist,96.67409375,101.5847188,38
[ 00:01:41.584 -->  00:01:41.955],AR,patient,101.5847188,102.4622188,40
[ 00:01:42.968 -->  00:01:44.402],AT,therapist,102.4622188,104.5125313,41
[ 00:01:44.622 -->  00:01:49.330],AU,patient,104.5125313,104.8415938,42
[ 00:01:44.841 -->  00:01:45.111],AW,therapist,104.8415938,105.1115938,43
[ 00:01:44.622 -->  00:01:49.330],AU,patient,105.1115938,105.9384688,42
[ 00:01:45.938 -->  00:01:46.292],AX,therapist,105.9384688,106.2928438,44
[ 00:01:44.622 -->  00:01:49.330],AU,patient,106.2928438,109.2628438,42
[ 00:01:49.262 -->  00:01:52.671],AY,therapist,109.2628438,111.4059688,45
[ 00:01:51.405 -->  00:01:51.777],AZ,patient,111.4059688,111.7772188,46
[ 00:01:49.262 -->  00:01:52.671],AY,therapist,111.7772188,112.9078438,45
[ 00:01:53.144 -->  00:01:53.430],BA,patient,112.9078438,113.7347188,47
[ 00:01:54.038 -->  00:01:57.008],BB,therapist,113.7347188,117.7847188,48
[ 00:01:58.560 -->  00:02:01.159],BC,patient,117.7847188,118.8309688,49
[ 00:01:58.830 -->  00:01:59.185],BD,therapist,118.8309688,119.1853438,50
[ 00:01:58.560 -->  00:02:01.159],BC,patient,119.1853438,121.8178438,49
[ 00:02:02.475 -->  00:02:03.488],BF,therapist,121.8178438,122.7459688,51
[ 00:02:02.745 -->  00:02:04.500],BG,patient,122.7459688,123.7753438,52
[ 00:02:03.775 -->  00:02:11.250],BH,therapist,123.7753438,131.7740938,53
[ 00:02:12.297 -->  00:02:12.634],BI,patient,131.7740938,133.1156563,54
[ 00:02:13.596 -->  00:02:14.322],BJ,therapist,133.1156563,134.8453438,55
[ 00:02:15.368 -->  00:02:20.481],BK,patient,134.8453438,137.2247188,56
[ 00:02:17.224 -->  00:02:17.680],BL,therapist,137.2247188,137.6803438,57
[ 00:02:15.368 -->  00:02:20.481],BK,patient,137.6803438,140.5659688,56
[ 00:02:20.650 -->  00:02:21.291],BM,therapist,140.5659688,141.5278438,58
[ 00:02:21.764 -->  00:02:22.169],BN,patient,141.5278438,142.2534688,59
[ 00:02:22.337 -->  00:02:27.383],BO,therapist,142.2534688,149.6615938,60
[ 00:02:29.914 -->  00:02:30.910],BR,patient,149.6615938,150.5053438,62
[ 00:02:30.505 -->  00:02:34.487],BT,therapist,150.5053438,163.9209688,63
[ 00:02:44.241 -->  00:02:44.629],BX,patient,163.9209688,164.2584688,66
[ 00:02:44.258 -->  00:02:47.532],BY,therapist,164.2584688,167.9034688,67
[ 00:02:47.903 -->  00:02:48.409],CA,patient,167.9034688,168.4097188,69
[ 00:02:47.886 -->  00:02:48.477],BZ,therapist,168.4097188,177.5222188,68
[ 00:02:58.197 -->  00:03:01.200],CE,patient,177.5222188,178.9903438,72
[ 00:02:58.990 -->  00:02:59.547],CF,therapist,178.9903438,179.5472188,73
[ 00:02:58.197 -->  00:03:01.200],CE,patient,179.5472188,181.5890938,72
[ 00:03:01.977 -->  00:03:07.579],CG,therapist,181.5890938,186.7865938,74
[ 00:03:06.786 -->  00:03:07.191],CH,patient,186.7865938,187.1915938,75
[ 00:03:01.977 -->  00:03:07.579],CG,therapist,187.1915938,187.7737813,74
[ 00:03:07.967 -->  00:03:08.929],CI,patient,187.7737813,189.1490938,76
[ 00:03:09.368 -->  00:03:13.924],CJ,therapist,189.1490938,191.7140938,77
[ 00:03:11.714 -->  00:03:12.169],CK,patient,191.7140938,192.1697188,78
[ 00:03:09.368 -->  00:03:13.924],CJ,therapist,192.1697188,194.1862813,77
[ 00:03:14.447 -->  00:03:14.954],CL,patient,194.1862813,197.5865938,79
[ 00:03:17.805 -->  00:03:23.475],CN,therapist,197.5865938,203.7037813,81
[ 00:03:23.931 -->  00:03:24.302],CO,patient,203.7037813,208.4034688,82
[ 00:03:28.538 -->  00:03:30.732],CQ,therapist,208.4034688,210.8587813,84
[ 00:03:30.985 -->  00:03:31.440],CR,patient,210.8587813,211.5590938,85
[ 00:03:31.677 -->  00:03:34.579],CS,therapist,211.5590938,214.8075313,86
[ 00:03:35.035 -->  00:03:35.490],CT,patient,214.8075313,215.6428438,87
[ 00:03:35.794 -->  00:03:40.772],CU,therapist,215.6428438,218.7478438,88
[ 00:03:38.747 -->  00:03:39.169],CV,patient,218.7478438,219.1697188,89
[ 00:03:35.794 -->  00:03:40.772],CU,therapist,219.1697188,228.8559688,88
[ 00:03:48.855 -->  00:03:49.564],CZ,patient,228.8559688,229.5647188,92
[ 00:03:43.776 -->  00:03:52.095],CX,therapist,229.5647188,234.6440938,91
[ 00:03:54.947 -->  00:03:55.538],DB,patient,234.6440938,237.2934688,94
[ 00:03:58.052 -->  00:03:59.554],DG,therapist,237.2934688,240.2128438,96
[ 00:04:00.870 -->  00:04:06.557],DH,patient,240.2128438,252.0422188,97
[ 00:04:12.514 -->  00:04:16.092],DK,therapist,252.0422188,256.8600313,99
[ 00:04:17.627 -->  00:04:18.741],DL,patient,256.8600313,268.3097188,100
[ 00:04:28.309 -->  00:04:32.258],DO,therapist,268.3097188,272.5369063,103
[ 00:04:32.815 -->  00:04:33.152],DP,patient,272.5369063,273.1528438,104
[ 00:04:33.152 -->  00:04:37.759],DR,therapist,273.1528438,278.4600313,105
[ 00:04:39.160 -->  00:04:40.274],DS,patient,278.4600313,298.6678438,106
[ 00:04:58.836 -->  00:04:59.916],DX,therapist,298.6678438,300.4819063,111
[ 00:05:01.047 -->  00:05:02.481],DY,patient,300.4819063,303.1144063,112
[ 00:05:03.747 -->  00:05:06.278],DZ,therapist,303.1144063,306.6159688,113
[ 00:05:06.953 -->  00:05:07.577],EA,patient,306.6159688,307.7719063,114
[ 00:05:07.965 -->  00:05:08.809],EB,therapist,307.7719063,309.2315938,115
[ 00:05:09.653 -->  00:05:11.897],EC,patient,309.2315938,314.9775313,116
[ 00:05:15.374 -->  00:05:17.500],EE,therapist,314.9775313,318.0656563,118
[ 00:05:18.630 -->  00:05:19.002],EG,patient,318.0656563,319.3059688,119
[ 00:05:19.609 -->  00:05:22.697],EH,therapist,319.3059688,322.6978438,120
[ 00:05:22.697 -->  00:05:25.245],EI,patient,322.6978438,322.7147188,121
[ 00:05:22.714 -->  00:05:23.119],EJ,therapist,322.7147188,323.1197188,122
[ 00:05:22.697 -->  00:05:25.245],EI,patient,323.1197188,328.7728438,121
[ 00:05:29.025 -->  00:05:29.970],EL,therapist,328.7728438,330.4434688,124
[ 00:05:30.915 -->  00:05:33.430],EM,patient,330.4434688,333.5906563,125
[ 00:05:33.750 -->  00:05:34.071],EN,therapist,333.5906563,337.3369063,126
[ 00:05:37.547 -->  00:05:38.644],EP,patient,337.3369063,338.0878438,128
[ 00:05:38.087 -->  00:05:39.134],ER,therapist,338.0878438,344.9897188,129
[ 00:05:45.276 -->  00:05:49.579],ET,patient,344.9897188,350.0269063,131
[ 00:05:50.474 -->  00:05:52.144],EU,therapist,350.0269063,352.7100313,132
[ 00:05:53.275 -->  00:05:54.068],EV,patient,352.7100313,354.5325313,133
[ 00:05:54.996 -->  00:05:56.903],EW,therapist,354.5325313,357.2915938,134
[ 00:05:57.679 -->  00:05:58.034],EX,patient,357.2915938,359.4178438,135
[ 00:06:00.801 -->  00:06:04.075],EY,therapist,359.4178438,364.6744063,136
[ 00:06:05.273 -->  00:06:12.765],EZ,patient,364.6744063,387.6159688,137
[ 00:06:29.337 -->  00:06:29.910],FE,therapist,387.6159688,395.0747188,142
[ 00:06:35.327 -->  00:06:39.647],FG,patient,395.0747188,395.3784688,144
[ 00:06:35.378 -->  00:06:35.682],FH,therapist,395.3784688,395.6822188,145
[ 00:06:35.327 -->  00:06:39.647],FG,patient,395.6822188,396.1547188,144
[ 00:06:36.154 -->  00:06:36.795],FI,therapist,396.1547188,396.7959688,146
[ 00:06:35.327 -->  00:06:39.647],FG,patient,396.7959688,411.7219063,144
[ 00:06:52.219 -->  00:06:53.333],FN,therapist,411.7219063,413.4600313,151
[ 00:06:53.586 -->  00:06:54.244],FO,patient,413.4600313,414.2869063,152
[ 00:06:54.329 -->  00:06:55.274],FP,therapist,414.2869063,420.2353438,153
[ 00:07:00.640 -->  00:07:03.036],FR,patient,420.2353438,422.5978438,155
[ 00:07:02.597 -->  00:07:04.217],FS,therapist,422.5978438,424.8084688,156
[ 00:07:05.399 -->  00:07:09.381],FT,patient,424.8084688,425.5340938,157
[ 00:07:05.534 -->  00:07:06.479],FU,therapist,425.5340938,426.4790938,158
[ 00:07:05.399 -->  00:07:09.381],FT,patient,426.4790938,429.5756563,157
[ 00:07:09.769 -->  00:07:11.406],FV,therapist,429.5756563,432.0309688,159
[ 00:07:12.655 -->  00:07:13.701],FW,patient,432.0309688,435.4565938,160
[ 00:07:15.456 -->  00:07:16.874],FY,therapist,435.4565938,436.8740938,162
[ 00:07:15.135 -->  00:07:21.548],FX,patient,436.8740938,448.8384688,161
[ 00:07:28.838 -->  00:07:29.682],GA,therapist,448.8384688,449.6822188,164
[ 00:07:24.315 -->  00:07:35.267],FZ,patient,449.6822188,460.2544063,163
[ 00:07:40.650 -->  00:07:45.595],GD,therapist,460.2544063,465.7134688,167
[ 00:07:45.831 -->  00:07:48.059],GE,patient,465.7134688,478.0659688,168
[ 00:07:58.065 -->  00:07:59.888],GM,therapist,478.0659688,479.8884688,172
[ 00:07:58.015 -->  00:08:01.930],GL,patient,479.8884688,488.3512813,171
[ 00:08:09.085 -->  00:08:09.929],GO,therapist,488.3512813,494.7975313,174
[ 00:08:15.464 -->  00:08:19.024],GR,patient,494.7975313,499.7503438,176
[ 00:08:20.475 -->  00:08:22.956],GS,therapist,499.7503438,503.6569063,177
[ 00:08:24.357 -->  00:08:25.487],GT,patient,503.6569063,519.2915938,178
[ 00:08:39.291 -->  00:08:40.101],GZ,therapist,519.2915938,520.1015938,184
[ 00:08:39.105 -->  00:08:40.253],GY,patient,520.1015938,530.2097188,183
[ 00:08:51.087 -->  00:08:52.386],HC,therapist,530.2097188,533.1375313,187
[ 00:08:53.888 -->  00:08:57.769],HD,patient,533.1375313,546.6459688,188
[ 00:09:07.894 -->  00:09:13.885],HF,therapist,546.6459688,554.6362813,190
[ 00:09:15.387 -->  00:09:16.450],HG,patient,554.6362813,565.5797188,191
[ 00:09:26.710 -->  00:09:28.465],HI,therapist,565.5797188,569.5537813,193
[ 00:09:30.642 -->  00:09:31.384],HJ,patient,569.5537813,581.9147188,194
[ 00:09:41.914 -->  00:09:42.792],HO,therapist,581.9147188,582.7922188,198
[ 00:09:40.952 -->  00:09:46.960],HN,patient,582.7922188,587.3062813,197
[ 00:09:47.652 -->  00:09:49.255],HP,therapist,587.3062813,589.5844063,199
[ 00:09:49.913 -->  00:09:50.200],HQ,patient,589.5844063,590.7994063,200
[ 00:09:51.398 -->  00:09:53.625],HR,therapist,590.7994063,594.2840938,201
[ 00:09:54.942 -->  00:09:56.562],HS,patient,594.2840938,595.6847188,202
[ 00:09:55.684 -->  00:09:56.072],HT,therapist,595.6847188,596.0728438,203
[ 00:09:54.942 -->  00:09:56.562],HS,patient,596.0728438,596.9587813,202
[ 00:09:57.355 -->  00:09:57.659],HV,therapist,596.9587813,601.6584688,204
[ 00:10:01.844 -->  00:10:02.670],HX,patient,601.6584688,603.4303438,206
[ 00:10:04.189 -->  00:10:06.670],HY,therapist,603.4303438,613.7409688,207
[ 00:10:13.740 -->  00:10:14.078],IA,patient,613.7409688,614.0784688,209
[ 00:10:07.395 -->  00:10:14.213],HZ,therapist,614.0784688,614.6015938,208
[ 00:10:14.601 -->  00:10:15.799],IC,patient,614.6015938,626.6503438,211
[ 00:10:26.650 -->  00:10:29.789],IH,therapist,626.6503438,629.9662813,216
[ 00:10:30.143 -->  00:10:31.189],II,patient,629.9662813,640.5384688,217
[ 00:10:40.538 -->  00:10:40.842],IM,therapist,640.5384688,640.8422188,221
[ 00:10:38.344 -->  00:10:41.989],IL,patient,640.8422188,643.0697188,220
[ 00:10:44.149 -->  00:10:44.774],IN,therapist,643.0697188,645.4828438,222
[ 00:10:46.191 -->  00:10:47.474],IO,patient,645.4828438,646.4278438,223
[ 00:10:46.427 -->  00:10:46.883],IP,therapist,646.4278438,646.8834688,224
[ 00:10:46.191 -->  00:10:47.474],IO,patient,646.8834688,667.3865938,223
[ 00:11:08.044 -->  00:11:10.407],IT,therapist,667.3865938,670.9134688,228
[ 00:11:11.419 -->  00:11:13.596],IU,patient,670.9134688,672.2634688,229
[ 00:11:12.263 -->  00:11:13.545],IV,therapist,672.2634688,673.5459688,230
[ 00:11:11.419 -->  00:11:13.596],IU,patient,673.5459688,674.6597188,229
[ 00:11:15.722 -->  00:11:17.410],IX,therapist,674.6597188,677.6972188,231
[ 00:11:17.984 -->  00:11:18.405],IY,patient,677.6972188,678.7772188,232
[ 00:11:19.148 -->  00:11:26.792],IZ,therapist,678.7772188,693.3740938,233
[ 00:11:34.521 -->  00:11:34.892],JC,patient,693.3740938,700.5037813,236
[ 00:11:42.705 -->  00:11:43.414],JE,therapist,700.5037813,703.8197188,238
[ 00:11:44.224 -->  00:11:44.680],JF,patient,703.8197188,705.1359688,239
[ 00:11:45.591 -->  00:11:50.535],JG,therapist,705.1359688,725.9681563,240
[ 00:12:06.584 -->  00:12:07.090],JK,patient,725.9681563,727.7400313,244
[ 00:12:08.389 -->  00:12:09.284],JL,therapist,727.7400313,729.8325313,245
[ 00:12:10.380 -->  00:12:10.819],JM,patient,729.8325313,731.7309688,246
[ 00:12:12.642 -->  00:12:15.848],JN,therapist,731.7309688,747.8634688,247
[ 00:12:28.740 -->  00:12:29.736],JQ,patient,747.8634688,756.6890938,250
[ 00:12:36.689 -->  00:12:37.212],JS,therapist,756.6890938,757.2122188,252
[ 00:12:36.267 -->  00:12:48.113],JR,patient,757.2122188,788.9709688,251
[ 00:13:10.101 -->  00:13:13.004],JW,therapist,788.9709688,793.2740938,256
[ 00:13:13.544 -->  00:13:13.847],JX,patient,793.2740938,794.3962813,257
[ 00:13:14.944 -->  00:13:19.889],JY,therapist,794.3962813,800.1422188,258
[ 00:13:20.395 -->  00:13:20.648],JZ,patient,800.1422188,801.1209688,259
[ 00:13:21.593 -->  00:13:25.120],KA,therapist,801.1209688,806.4872188,260
[ 00:13:27.854 -->  00:13:28.292],KB,patient,806.4872188,808.5206563,261
[ 00:13:28.748 -->  00:13:29.845],KC,therapist,808.5206563,810.0478438,262
[ 00:13:30.250 -->  00:13:30.638],KD,patient,810.0478438,810.9253438,263
[ 00:13:31.212 -->  00:13:35.177],KE,therapist,810.9253438,825.6403438,264
[ 00:13:47.462 -->  00:13:50.196],KJ,patient,825.6403438,831.8165938,268
[ 00:13:51.816 -->  00:13:52.812],KL,therapist,831.8165938,832.8122188,270
[ 00:13:51.749 -->  00:14:00.152],KK,patient,832.8122188,832.9472188,269
[ 00:13:52.947 -->  00:13:53.504],KM,therapist,832.9472188,833.5040938,271
[ 00:13:51.749 -->  00:14:00.152],KK,patient,833.5040938,879.8934688,269
[ 00:14:40.365 -->  00:14:46.795],KU,therapist,879.8934688,887.6728438,279
[ 00:14:48.550 -->  00:14:52.127],KV,patient,887.6728438,921.0769063,280
[ 00:15:23.464 -->  00:15:27.042],LA,therapist,921.0769063,929.1347188,285
[ 00:15:31.227 -->  00:15:32.070],LB,patient,929.1347188,940.0444063,286
[ 00:15:40.862 -->  00:15:44.187],LD,therapist,940.0444063,952.9031563,288
[ 00:15:54.092 -->  00:15:54.447],LH,patient,952.9031563,954.9281563,291
[ 00:15:55.409 -->  00:16:01.062],LI,therapist,954.9281563,970.4953438,292
[ 00:16:11.372 -->  00:16:29.057],LL,patient,970.4953438,974.7647188,295
[ 00:16:14.764 -->  00:16:15.473],LN,therapist,974.7647188,975.4734688,296
[ 00:16:11.372 -->  00:16:29.057],LL,patient,975.4734688,998.6090938,295
[ 00:16:38.895 -->  00:16:43.570],LQ,therapist,998.6090938,999.7903438,299
[ 00:16:39.790 -->  00:16:40.060],LR,patient,999.7903438,1000.060344,300
[ 00:16:38.895 -->  00:16:43.570],LQ,therapist,1000.060344,1004.650344,299
[ 00:16:45.730 -->  00:16:48.818],LS,patient,1004.650344,1007.974719,301
[ 00:16:47.974 -->  00:16:50.134],LT,therapist,1007.974719,1010.522844,302
[ 00:16:50.522 -->  00:16:52.581],LV,patient,1010.522844,1031.085031,304
[ 00:17:11.329 -->  00:17:16.425],LY,therapist,1031.085031,1034.789094,307
[ 00:17:14.789 -->  00:17:15.194],LZ,patient,1034.789094,1035.194094,308
[ 00:17:11.329 -->  00:17:16.425],LY,therapist,1035.194094,1036.636906,307
[ 00:17:16.847 -->  00:17:17.151],MA,patient,1036.636906,1037.421594,309
[ 00:17:17.691 -->  00:17:20.762],MB,therapist,1037.421594,1041.041281,310
[ 00:17:21.319 -->  00:17:26.061],MC,patient,1041.041281,1046.643781,311
[ 00:17:27.225 -->  00:17:29.352],MD,therapist,1046.643781,1052.870656,312
[ 00:17:33.503 -->  00:17:36.068],MG,patient,1052.870656,1058.127219,314
[ 00:17:38.127 -->  00:17:42.430],MI,therapist,1058.127219,1075.854406,316
[ 00:17:57.735 -->  00:17:58.748],MK,patient,1075.854406,1087.515031,318
[ 00:18:07.810 -->  00:18:08.181],MM,therapist,1087.515031,1104.955344,320
[ 00:18:24.955 -->  00:18:26.170],MR,patient,1104.955344,1128.698469,325
[ 00:18:48.900 -->  00:18:51.195],MV,therapist,1128.698469,1132.200031,328
[ 00:18:53.204 -->  00:18:53.592],MW,patient,1132.200031,1134.933781,329
[ 00:18:56.275 -->  00:18:59.144],MX,therapist,1134.933781,1141.050969,330
[ 00:19:02.957 -->  00:19:06.923],MY,patient,1141.050969,1147.860031,331
[ 00:19:08.796 -->  00:19:09.623],MZ,therapist,1147.860031,1149.918781,332
[ 00:19:10.214 -->  00:19:12.104],NB,patient,1149.918781,1152.500656,333
[ 00:19:12.897 -->  00:19:13.302],NC,therapist,1152.500656,1156.289094,334
[ 00:19:16.592 -->  00:19:16.862],NE,patient,1156.289094,1157.605344,336
[ 00:19:18.347 -->  00:19:20.659],NF,therapist,1157.605344,1161.199719,337
[ 00:19:21.739 -->  00:19:22.515],NG,patient,1161.199719,1164.026281,338
[ 00:19:25.536 -->  00:19:28.472],NH,therapist,1164.026281,1169.308156,339
[ 00:19:30.143 -->  00:19:34.581],NI,patient,1169.308156,1171.814094,340
[ 00:19:31.814 -->  00:19:32.252],NJ,therapist,1171.814094,1172.252844,341
[ 00:19:30.143 -->  00:19:34.581],NI,patient,1172.252844,1172.337219,340
[ 00:19:32.337 -->  00:19:33.214],NK,therapist,1172.337219,1173.214719,342
[ 00:19:30.143 -->  00:19:34.581],NI,patient,1173.214719,1173.383469,340
[ 00:19:33.383 -->  00:19:33.653],NL,therapist,1173.383469,1173.653469,343
[ 00:19:30.143 -->  00:19:34.581],NI,patient,1173.653469,1175.956906,340
[ 00:19:37.332 -->  00:19:39.509],NM,therapist,1175.956906,1180.808469,344
[ 00:19:42.107 -->  00:19:43.052],NN,patient,1180.808469,1197.135031,345
[ 00:19:58.037 -->  00:19:59.640],NP,therapist,1197.135031,1200.974094,347
[ 00:20:02.307 -->  00:20:08.061],NQ,patient,1200.974094,1208.601594,348
[ 00:20:09.141 -->  00:20:12.212],NR,therapist,1208.601594,1212.415344,349
[ 00:20:12.617 -->  00:20:13.292],NS,patient,1212.415344,1213.630344,350
[ 00:20:13.967 -->  00:20:14.271],NT,therapist,1213.630344,1221.865344,351
[ 00:20:23.029 -->  00:20:23.586],NW,patient,1221.865344,1223.839719,354
[ 00:20:24.092 -->  00:20:28.007],NX,therapist,1223.839719,1228.741906,355
[ 00:20:29.475 -->  00:20:30.015],NY,patient,1228.741906,1230.910344,356
[ 00:20:31.804 -->  00:20:37.035],NZ,therapist,1230.910344,1237.651906,357
[ 00:20:38.267 -->  00:20:38.774],OA,patient,1237.651906,1239.955344,358
[ 00:20:41.136 -->  00:20:42.199],OB,therapist,1239.955344,1244.064406,359
[ 00:20:45.929 -->  00:20:50.265],OC,patient,1244.064406,1246.030344,360
[ 00:20:46.030 -->  00:20:46.435],OD,therapist,1246.030344,1246.435344,361
[ 00:20:45.929 -->  00:20:50.265],OC,patient,1246.435344,1250.772219,360
[ 00:20:51.278 -->  00:20:52.223],OE,therapist,1250.772219,1253.016594,362
[ 00:20:53.809 -->  00:20:54.636],OF,patient,1253.016594,1274.169406,363
[ 00:21:14.430 -->  00:21:14.802],OJ,therapist,1274.169406,1285.551594,367
[ 00:21:25.551 -->  00:21:26.564],ON,patient,1285.551594,1286.564094,371
[ 00:21:25.500 -->  00:21:26.597],OM,therapist,1286.564094,1288.462531,370
[ 00:21:28.774 -->  00:21:29.095],OP,patient,1288.462531,1289.770344,373
[ 00:21:30.445 -->  00:21:33.465],OQ,therapist,1289.770344,1294.529094,374
[ 00:21:35.592 -->  00:21:36.132],OR,patient,1294.529094,1296.511906,375
[ 00:21:36.891 -->  00:21:43.371],OS,therapist,1296.511906,1304.240656,376
[ 00:21:45.109 -->  00:21:46.274],OT,patient,1304.240656,1309.041594,377
[ 00:21:49.041 -->  00:21:49.395],OV,therapist,1309.041594,1309.395969,379
[ 00:21:49.007 -->  00:21:54.036],OU,patient,1309.395969,1337.189094,378
[ 00:22:19.281 -->  00:22:22.268],OZ,therapist,1337.189094,1344.192219,383
[ 00:22:26.115 -->  00:22:31.110],PA,patient,1344.192219,1351.760656,384
[ 00:22:32.410 -->  00:22:33.405],PB,therapist,1351.760656,1354.258156,385
[ 00:22:35.110 -->  00:22:39.717],PC,patient,1354.258156,1360.729719,386
[ 00:22:41.742 -->  00:22:42.822],PD,therapist,1360.729719,1367.150656,387
[ 00:22:47.175 -->  00:22:51.749],PG,patient,1367.150656,1371.968469,389
[ 00:22:52.187 -->  00:22:53.149],PH,therapist,1371.968469,1373.731906,390
[ 00:22:54.314 -->  00:22:55.225],PI,patient,1373.731906,1374.432219,391
[ 00:22:54.432 -->  00:22:54.702],PJ,therapist,1374.432219,1374.702219,392
[ 00:22:54.314 -->  00:22:55.225],PI,patient,1374.702219,1376.558469,391
[ 00:22:56.558 -->  00:22:56.929],PL,therapist,1376.558469,1376.929719,394
[ 00:22:56.069 -->  00:22:57.098],PK,patient,1376.929719,1377.495031,393
[ 00:22:57.891 -->  00:23:00.490],PM,therapist,1377.495031,1380.667531,395
[ 00:23:00.844 -->  00:23:02.059],PN,patient,1380.667531,1382.279094,396
[ 00:23:02.498 -->  00:23:04.776],PO,therapist,1382.279094,1385.468469,397
[ 00:23:06.160 -->  00:23:06.767],PP,patient,1385.468469,1418.214406,398
[ 00:23:38.442 -->  00:23:39.336],PW,therapist,1418.214406,1418.678469,405
[ 00:23:38.678 -->  00:23:39.454],PX,patient,1418.678469,1424.196594,406
[ 00:23:45.023 -->  00:23:46.997],PZ,therapist,1424.196594,1427.546281,408
[ 00:23:48.094 -->  00:24:02.877],QA,patient,1427.546281,1447.956594,409
[ 00:24:08.260 -->  00:24:10.673],QC,therapist,1447.956594,1451.162844,411
[ 00:24:11.652 -->  00:24:13.710],QD,patient,1451.162844,1451.804094,412
[ 00:24:11.804 -->  00:24:12.293],QE,therapist,1451.804094,1452.293469,413
[ 00:24:11.652 -->  00:24:13.710],QD,patient,1452.293469,1456.259094,412
[ 00:24:18.807 -->  00:24:21.895],QF,therapist,1456.259094,1473.260656,414
[ 00:24:33.657 -->  00:24:33.960],QI,patient,1473.260656,1474.315344,417
[ 00:24:34.315 -->  00:24:35.834],QK,therapist,1474.315344,1475.834094,419
[ 00:24:34.230 -->  00:24:36.914],QJ,patient,1475.834094,1477.032219,418
[ 00:24:37.150 -->  00:24:37.673],QL,therapist,1477.032219,1482.398469,420
[ 00:24:43.461 -->  00:24:54.666],QO,patient,1482.398469,1515.709719,422
[ 00:25:15.709 -->  00:25:16.030],QT,therapist,1515.709719,1516.030344,426
[ 00:25:12.959 -->  00:25:16.418],QS,patient,1516.030344,1527.868156,425
[ 00:25:28.770 -->  00:25:33.900],QW,therapist,1527.868156,1534.078156,429
[ 00:25:34.255 -->  00:25:42.270],QX,patient,1534.078156,1534.609719,430
[ 00:25:34.609 -->  00:25:35.605],QY,therapist,1534.609719,1535.605344,431
[ 00:25:34.255 -->  00:25:42.270],QX,patient,1535.605344,1536.094719,430
[ 00:25:36.094 -->  00:25:36.482],QZ,therapist,1536.094719,1536.482844,432
[ 00:25:34.255 -->  00:25:42.270],QX,patient,1536.482844,1542.886906,430
[ 00:25:43.502 -->  00:25:44.414],RA,therapist,1542.886906,1545.350656,433
[ 00:25:46.287 -->  00:25:47.282],RB,patient,1545.350656,1553.492844,434
[ 00:25:54.876 -->  00:26:01.019],RE,therapist,1553.492844,1561.019094,437
[ 00:26:01.019 -->  00:26:03.904],RF,patient,1561.019094,1561.035969,438
[ 00:26:01.035 -->  00:26:01.997],RG,therapist,1561.035969,1561.997844,439
[ 00:26:01.019 -->  00:26:03.904],RF,patient,1561.997844,1567.009719,438
[ 00:26:07.009 -->  00:26:07.988],RJ,therapist,1567.009719,1567.988469,442
[ 00:26:06.705 -->  00:26:08.376],RI,patient,1567.988469,1569.574719,441
[ 00:26:09.574 -->  00:26:09.962],RL,therapist,1569.574719,1569.962844,444
[ 00:26:08.663 -->  00:26:12.038],RK,patient,1569.962844,1573.337844,443
[ 00:26:14.637 -->  00:26:19.311],RM,therapist,1573.337844,1574.839719,445
[ 00:26:14.839 -->  00:26:15.464],RN,patient,1574.839719,1575.464094,446
[ 00:26:14.637 -->  00:26:19.311],RM,therapist,1575.464094,1584.441594,445
[ 00:26:24.441 -->  00:26:25.774],RQ,patient,1584.441594,1586.053156,448
[ 00:26:26.331 -->  00:26:31.664],RR,therapist,1586.053156,1591.731594,449
[ 00:26:31.731 -->  00:26:41.130],RT,patient,1591.731594,1598.599719,451
[ 00:26:38.599 -->  00:26:40.050],RU,therapist,1598.599719,1600.050969,452
[ 00:26:31.731 -->  00:26:41.130],RT,patient,1600.050969,1601.755344,451
[ 00:26:42.379 -->  00:26:43.493],RW,therapist,1601.755344,1604.531281,453
[ 00:26:45.569 -->  00:26:47.324],RX,patient,1604.531281,1607.779719,454
[ 00:26:48.235 -->  00:26:49.889],RY,therapist,1607.779719,1610.108469,455
[ 00:26:50.327 -->  00:26:50.665],RZ,patient,1610.108469,1611.036594,456
[ 00:26:51.407 -->  00:26:54.141],SA,therapist,1611.036594,1614.386281,457
[ 00:26:54.630 -->  00:26:54.968],SC,patient,1614.386281,1615.449406,458
[ 00:26:55.930 -->  00:26:57.668],SD,therapist,1615.449406,1618.486906,459
[ 00:26:59.305 -->  00:27:09.025],SE,patient,1618.486906,1637.496594,460
[ 00:27:17.496 -->  00:27:18.019],SI,therapist,1637.496594,1638.019719,463
[ 00:27:13.514 -->  00:27:20.162],SG,patient,1638.019719,1643.824719,462
[ 00:27:23.824 -->  00:27:24.651],SK,therapist,1643.824719,1644.651594,465
[ 00:27:22.137 -->  00:27:25.782],SJ,patient,1644.651594,1650.945969,464
[ 00:27:33.325 -->  00:27:34.540],SM,therapist,1650.945969,1654.371594,467
[ 00:27:34.371 -->  00:27:37.679],SN,patient,1654.371594,1665.019719,468
[ 00:27:45.407 -->  00:27:46.420],SQ,therapist,1665.019719,1666.648156,471
[ 00:27:46.875 -->  00:27:47.280],SR,patient,1666.648156,1668.479094,472
[ 00:27:48.479 -->  00:27:49.289],ST,therapist,1668.479094,1669.289094,474
[ 00:27:48.057 -->  00:27:51.617],SS,patient,1669.289094,1672.503781,473
[ 00:27:53.389 -->  00:27:58.435],SU,therapist,1672.503781,1689.015969,475
[ 00:28:09.015 -->  00:28:09.336],SX,patient,1689.015969,1689.336594,478
[ 00:28:03.312 -->  00:28:09.437],SW,therapist,1689.336594,1689.766906,477
[ 00:28:10.095 -->  00:28:12.137],SY,patient,1689.766906,1692.137844,479
[ 00:28:12.137 -->  00:28:14.770],TB,therapist,1692.137844,1699.934094,480
[ 00:28:19.934 -->  00:28:25.215],TE,patient,1699.934094,1705.933156,483
[ 00:28:26.650 -->  00:28:29.552],TF,therapist,1705.933156,1709.763781,484
[ 00:28:29.974 -->  00:28:31.864],TG,patient,1709.763781,1709.991594,485
[ 00:28:29.991 -->  00:28:30.362],TH,therapist,1709.991594,1710.362844,486
[ 00:28:29.974 -->  00:28:31.864],TG,patient,1710.362844,1714.075344,485
[ 00:28:34.075 -->  00:28:35.340],TJ,therapist,1714.075344,1715.340969,488
[ 00:28:32.337 -->  00:28:37.011],TI,patient,1715.340969,1717.593781,487
[ 00:28:38.175 -->  00:28:38.985],TK,therapist,1717.593781,1719.298156,489
[ 00:28:39.610 -->  00:28:39.863],TL,patient,1719.298156,1722.166906,490
[ 00:28:44.470 -->  00:28:46.866],TM,therapist,1722.166906,1727.887531,491
[ 00:28:48.908 -->  00:28:53.734],TN,patient,1727.887531,1751.985031,492
[ 00:29:13.579 -->  00:29:14.119],TP,therapist,1751.985031,1757.477844,494
[ 00:29:18.777 -->  00:29:19.266],TR,patient,1757.477844,1760.886594,496
[ 00:29:21.747 -->  00:29:25.847],TT,therapist,1760.886594,1763.721594,498
[ 00:29:23.721 -->  00:29:31.703],TU,patient,1763.721594,1782.452844,499
[ 00:29:43.161 -->  00:29:44.697],TX,therapist,1782.452844,1785.338469,502
[ 00:29:45.979 -->  00:29:47.279],TY,patient,1785.338469,1795.252531,503
[ 00:29:56.037 -->  00:29:58.062],UA,therapist,1795.252531,1797.589719,505
[ 00:29:57.589 -->  00:30:02.010],UB,patient,1797.589719,1799.091594,506
[ 00:29:59.091 -->  00:29:59.564],UC,therapist,1799.091594,1799.564094,507
[ 00:29:57.589 -->  00:30:02.010],UB,patient,1799.564094,1818.025344,506
[ 00:30:18.565 -->  00:30:22.615],UG,therapist,1818.025344,1822.834719,510
[ 00:30:23.054 -->  00:30:23.442],UH,patient,1822.834719,1824.539094,511
[ 00:30:25.635 -->  00:30:35.659],UI,therapist,1824.539094,1830.715344,512
[ 00:30:30.715 -->  00:30:30.985],UJ,patient,1830.715344,1830.985344,513
[ 00:30:25.635 -->  00:30:35.659],UI,therapist,1830.985344,1836.073156,512
[ 00:30:36.486 -->  00:30:56.466],UK,patient,1836.073156,1858.542219,514
[ 00:31:00.617 -->  00:31:04.245],UL,therapist,1858.542219,1886.385969,515
[ 00:31:26.385 -->  00:31:26.774],US,patient,1886.385969,1886.774094,521
[ 00:31:21.272 -->  00:31:27.027],UR,therapist,1886.774094,1894.173781,520
[ 00:31:34.705 -->  00:31:36.527],UV,patient,1894.173781,1895.025969,524
[ 00:31:35.025 -->  00:31:35.802],UW,therapist,1895.025969,1895.802219,525
[ 00:31:34.705 -->  00:31:36.527],UV,patient,1895.802219,1896.924406,524
[ 00:31:37.320 -->  00:31:40.830],UX,therapist,1896.924406,1902.307531,526
[ 00:31:43.784 -->  00:31:44.239],UY,patient,1902.307531,1905.648781,527
[ 00:31:47.057 -->  00:31:48.677],UZ,therapist,1905.648781,1909.656594,528
[ 00:31:50.635 -->  00:31:51.141],VA,patient,1909.656594,1913.115969,529
[ 00:31:53.115 -->  00:31:59.022],VD,therapist,1913.115969,1920.321594,532
[ 00:32:01.620 -->  00:32:02.515],VE,patient,1920.321594,1922.751594,533
[ 00:32:02.987 -->  00:32:06.835],VF,therapist,1922.751594,1928.742219,534
[ 00:32:09.265 -->  00:32:09.720],VH,patient,1928.742219,1929.847531,536
[ 00:32:09.974 -->  00:32:13.062],VI,therapist,1929.847531,1933.652844,537
[ 00:32:14.243 -->  00:32:15.846],VJ,patient,1933.652844,1954.771906,538
[ 00:32:35.269 -->  00:32:39.336],VM,therapist,1954.771906,1959.015969,541
[ 00:32:39.015 -->  00:32:50.288],VN,patient,1959.015969,1971.773469,542
[ 00:32:53.258 -->  00:32:56.245],VO,therapist,1971.773469,1976.321281,543
[ 00:32:56.397 -->  00:32:57.055],VP,patient,1976.321281,1982.025031,544
[ 00:33:03.045 -->  00:33:04.851],VR,therapist,1982.025031,1985.104719,546
[ 00:33:05.357 -->  00:33:05.712],VS,patient,1985.104719,1990.327531,547
[ 00:33:12.209 -->  00:33:13.137],VU,therapist,1990.327531,1994.006281,549
[ 00:33:14.875 -->  00:33:20.967],VV,patient,1994.006281,1995.263469,550
[ 00:33:15.263 -->  00:33:16.242],VW,therapist,1995.263469,1996.242219,551
[ 00:33:14.875 -->  00:33:20.967],VV,patient,1996.242219,2017.892844,550
[ 00:33:38.061 -->  00:33:42.803],VZ,therapist,2017.892844,2022.550344,554
[ 00:33:42.550 -->  00:33:48.945],WA,patient,2022.550344,2023.815969,555
[ 00:33:43.815 -->  00:33:45.739],WB,therapist,2023.815969,2025.739719,556
[ 00:33:42.550 -->  00:33:48.945],WA,patient,2025.739719,2036.455344,555
[ 00:33:57.889 -->  00:34:00.859],WD,therapist,2036.455344,2042.235031,558
[ 00:34:03.610 -->  00:34:04.049],WE,patient,2042.235031,2044.859094,559
[ 00:34:05.669 -->  00:34:15.220],WF,therapist,2044.859094,2056.334094,560
[ 00:34:17.447 -->  00:34:18.713],WG,patient,2056.334094,2065.649094,561
[ 00:34:25.649 -->  00:34:28.787],WI,therapist,2065.649094,2072.989719,563
[ 00:34:32.989 -->  00:34:33.411],WK,patient,2072.989719,2073.411594,565
[ 00:34:30.104 -->  00:34:35.200],WJ,therapist,2073.411594,2075.284719,564
[ 00:34:35.369 -->  00:34:37.005],WL,patient,2075.284719,2076.449094,566
[ 00:34:36.449 -->  00:34:41.832],WM,therapist,2076.449094,2081.958781,567
[ 00:34:42.085 -->  00:34:44.481],WN,patient,2081.958781,2083.030344,568
[ 00:34:43.030 -->  00:34:43.874],WO,therapist,2083.030344,2083.874094,569
[ 00:34:42.085 -->  00:34:44.481],WN,patient,2083.874094,2084.591281,568
[ 00:34:44.700 -->  00:34:47.130],WP,therapist,2084.591281,2086.709094,570
[ 00:34:46.709 -->  00:34:47.097],WQ,patient,2086.709094,2087.097219,571
[ 00:34:44.700 -->  00:34:47.130],WP,therapist,2087.097219,2087.375656,570
[ 00:34:47.620 -->  00:34:48.059],WR,patient,2087.375656,2089.594719,572
[ 00:34:51.130 -->  00:34:54.049],WS,therapist,2089.594719,2094.986281,573
[ 00:34:55.922 -->  00:35:00.107],WT,patient,2094.986281,2122.922844,574
[ 00:35:23.243 -->  00:35:26.010],WX,therapist,2122.922844,2126.314719,578
[ 00:35:26.618 -->  00:35:26.888],WY,patient,2126.314719,2127.310344,579
[ 00:35:27.732 -->  00:35:28.035],WZ,therapist,2127.310344,2134.718469,580
[ 00:35:35.562 -->  00:35:36.186],XB,patient,2134.718469,2138.110344,582
[ 00:35:40.034 -->  00:35:47.307],XC,therapist,2138.110344,2155.137219,583
[ 00:35:55.137 -->  00:35:58.697],XF,patient,2155.137219,2159.111281,586
[ 00:35:59.524 -->  00:35:59.794],XG,therapist,2159.111281,2159.870656,587
[ 00:35:59.946 -->  00:36:00.756],XH,patient,2159.870656,2160.452844,588
[ 00:36:00.452 -->  00:36:01.583],XI,therapist,2160.452844,2162.165656,589
[ 00:36:02.747 -->  00:36:03.777],XJ,patient,2162.165656,2170.949094,590
[ 00:36:10.949 -->  00:36:11.573],XM,therapist,2170.949094,2171.573469,593
[ 00:36:10.054 -->  00:36:12.687],XL,patient,2171.573469,2178.045031,592
[ 00:36:19.082 -->  00:36:21.006],XQ,therapist,2178.045031,2179.875969,596
[ 00:36:19.875 -->  00:36:29.511],XR,patient,2179.875969,2204.057844,597
[ 00:36:45.205 -->  00:36:46.994],XT,therapist,2204.057844,2214.435969,599
[ 00:36:55.617 -->  00:36:56.224],XV,patient,2214.435969,2217.178156,601
[ 00:36:58.131 -->  00:37:01.050],XW,therapist,2217.178156,2219.954094,602
[ 00:36:59.954 -->  00:37:02.468],XX,patient,2219.954094,2221.067844,603
[ 00:37:01.067 -->  00:37:01.455],XY,therapist,2221.067844,2221.455969,604
[ 00:36:59.954 -->  00:37:02.468],XX,patient,2221.455969,2227.868469,603
[ 00:37:08.054 -->  00:37:08.695],YB,therapist,2227.868469,2229.918781,606
[ 00:37:11.142 -->  00:37:12.104],YC,patient,2229.918781,2238.128469,607
[ 00:37:18.128 -->  00:37:19.225],YF,therapist,2238.128469,2239.225344,610
[ 00:37:17.875 -->  00:37:19.765],YE,patient,2239.225344,2240.026906,609
[ 00:37:20.288 -->  00:37:23.865],YG,therapist,2240.026906,2254.657531,611
[ 00:37:35.172 -->  00:37:35.543],YK,patient,2254.657531,2255.889406,615
[ 00:37:36.235 -->  00:37:40.656],YL,therapist,2255.889406,2261.863156,616
[ 00:37:43.069 -->  00:37:44.419],YM,patient,2261.863156,2264.740344,617
[ 00:37:45.060 -->  00:37:45.989],YN,therapist,2264.740344,2267.744094,618
[ 00:37:49.499 -->  00:37:52.030],YO,patient,2267.744094,2271.119094,619
[ 00:37:51.119 -->  00:37:51.574],YP,therapist,2271.119094,2271.574719,620
[ 00:37:49.499 -->  00:37:52.030],YO,patient,2271.574719,2272.890969,619
[ 00:37:53.751 -->  00:37:56.249],YQ,therapist,2272.890969,2277.641281,621
[ 00:37:59.033 -->  00:38:00.045],YR,patient,2277.641281,2305.451281,622
[ 00:38:25.847 -->  00:38:26.894],YX,therapist,2305.451281,2307.324406,627
[ 00:38:27.754 -->  00:38:29.864],ZA,patient,2307.324406,2307.974094,628
[ 00:38:27.974 -->  00:38:28.514],ZC,therapist,2307.974094,2308.514094,629
[ 00:38:27.754 -->  00:38:29.864],ZA,patient,2308.514094,2315.086906,628
[ 00:38:35.702 -->  00:38:37.980],ZE,therapist,2315.086906,2318.428156,631
[ 00:38:38.875 -->  00:38:40.107],ZF,patient,2318.428156,2340.374094,632
[ 00:39:01.116 -->  00:39:02.871],ZM,therapist,2340.374094,2343.301906,638
[ 00:39:03.732 -->  00:39:04.086],ZN,patient,2343.301906,2344.668781,639
[ 00:39:05.250 -->  00:39:07.815],ZO,therapist,2344.668781,2348.161906,640
[ 00:39:08.507 -->  00:39:08.828],ZP,patient,2348.161906,2349.781906,641
[ 00:39:10.735 -->  00:39:13.030],ZQ,therapist,2349.781906,2355.764094,642
[ 00:39:16.135 -->  00:39:16.523],ZS,patient,2355.764094,2356.869406,644
[ 00:39:17.215 -->  00:39:19.746],ZT,therapist,2356.869406,2360.430031,645
[ 00:39:21.113 -->  00:39:29.787],ZU,patient,2360.430031,2373.263469,646
[ 00:39:34.242 -->  00:39:38.444],ZW,therapist,2373.263469,2379.675969,648
[ 00:39:40.907 -->  00:39:41.650],ZX,patient,2379.675969,2423.534094,649
[ 00:40:23.534 -->  00:40:23.837],AAF,therapist,2423.534094,2423.837844,657
[ 00:40:17.054 -->  00:40:25.137],AAE,patient,2423.837844,2425.415656,656
[ 00:40:25.694 -->  00:40:26.099],AAG,therapist,2425.415656,2428.714719,658
[ 00:40:29.085 -->  00:40:35.802],AAI,patient,2428.714719,2436.553156,660
[ 00:40:37.304 -->  00:40:39.801],AAJ,therapist,2436.553156,2448.239094,661
[ 00:40:49.673 -->  00:40:51.782],AAM,patient,2448.239094,2452.086594,663
[ 00:40:52.390 -->  00:40:55.292],AAN,therapist,2452.086594,2456.111281,664
[ 00:40:56.929 -->  00:40:57.216],AAO,patient,2456.111281,2459.022219,665
[ 00:40:59.022 -->  00:40:59.511],AAQ,therapist,2459.022219,2459.511594,667
[ 00:40:58.769 -->  00:41:03.055],AAP,patient,2459.511594,2540.992531,666
[ 00:43:38.929 -->  00:43:40.397],AAR,therapist,2540.992531,2623.013469,668
[ 00:43:43.334 -->  00:43:43.739],AAT,patient,2623.013469,2624.093469,670
[ 00:43:44.447 -->  00:43:49.189],AAU,therapist,2624.093469,2626.574094,671
[ 00:43:46.574 -->  00:43:46.945],AAV,patient,2626.574094,2626.945344,672
[ 00:43:44.447 -->  00:43:49.189],AAU,therapist,2626.945344,2629.805656,671
[ 00:43:50.421 -->  00:43:51.332],AAW,patient,2629.805656,2630.438469,673
[ 00:43:50.438 -->  00:43:50.775],AAX,therapist,2630.438469,2630.775969,674
[ 00:43:50.421 -->  00:43:51.332],AAW,patient,2630.775969,2631.577531,673
[ 00:43:51.822 -->  00:43:53.003],AAY,therapist,2631.577531,2631.855969,675
[ 00:43:51.855 -->  00:43:52.159],AAZ,patient,2631.855969,2632.159719,676
[ 00:43:51.822 -->  00:43:53.003],AAY,therapist,2632.159719,2633.239719,675
[ 00:43:53.475 -->  00:43:53.965],ABA,patient,2633.239719,2634.615031,677
[ 00:43:55.264 -->  00:43:59.500],ABB,therapist,2634.615031,2647.971594,678
[ 00:44:07.971 -->  00:44:11.599],ABD,patient,2647.971594,2653.945344,680
[ 00:44:14.839 -->  00:44:17.084],ABF,therapist,2653.945344,2657.396281,682
[ 00:44:17.708 -->  00:44:20.205],ABG,patient,2657.396281,2675.730969,683
[ 00:44:36.507 -->  00:44:37.384],ABL,therapist,2675.730969,2677.890969,688
[ 00:44:37.890 -->  00:44:41.164],ABN,patient,2677.890969,2681.434719,690
[ 00:44:41.704 -->  00:44:48.420],ABO,therapist,2681.434719,2688.994719,691
[ 00:44:49.568 -->  00:44:49.990],ABP,patient,2688.994719,2703.608469,692
[ 00:45:05.650 -->  00:45:07.034],ABS,therapist,2703.608469,2709.337531,695
[ 00:45:09.379 -->  00:45:15.100],ABU,patient,2709.337531,2710.999719,697
[ 00:45:10.999 -->  00:45:11.252],ABV,therapist,2710.999719,2711.252844,698
[ 00:45:09.379 -->  00:45:15.100],ABU,patient,2711.252844,2715.353469,697
[ 00:45:15.606 -->  00:45:15.960],ABW,therapist,2715.353469,2724.077844,699
[ 00:45:24.314 -->  00:45:28.178],ABY,patient,2724.077844,2747.913781,701
[ 00:45:48.276 -->  00:45:50.031],ACE,therapist,2747.913781,2765.421594,707
[ 00:46:06.349 -->  00:46:07.919],ACI,patient,2765.421594,2768.113156,711
[ 00:46:08.307 -->  00:46:08.661],ACJ,therapist,2768.113156,2780.085969,712
[ 00:46:20.085 -->  00:46:20.474],ACN,patient,2780.085969,2780.474094,716
[ 00:46:14.804 -->  00:46:20.524],ACM,therapist,2780.474094,2790.025344,715
[ 00:46:30.025 -->  00:46:30.717],ACR,patient,2790.025344,2790.717219,720
[ 00:46:29.839 -->  00:46:33.484],ACQ,therapist,2790.717219,2794.758781,719
[ 00:46:36.032 -->  00:46:37.635],ACS,patient,2794.758781,2843.299719,721
[ 00:47:24.852 -->  00:47:26.387],ACX,therapist,2843.299719,2846.700031,726
[ 00:47:27.012 -->  00:47:33.694],ACY,patient,2846.700031,2861.853781,727
[ 00:47:42.300 -->  00:47:47.127],ADA,therapist,2861.853781,2867.675656,729
[ 00:47:48.224 -->  00:47:54.096],ADB,patient,2867.675656,2868.257844,730
[ 00:47:48.257 -->  00:47:49.169],ADC,therapist,2868.257844,2869.169094,731
[ 00:47:48.224 -->  00:47:54.096],ADB,patient,2869.169094,2869.540344,730
[ 00:47:49.540 -->  00:47:49.962],ADD,therapist,2869.540344,2869.962219,732
[ 00:47:48.224 -->  00:47:54.096],ADB,patient,2869.962219,2877.480031,730
[ 00:47:59.969 -->  00:48:04.525],ADF,therapist,2877.480031,2897.164719,734
[ 00:48:18.295 -->  00:48:32.909],ADK,patient,2897.164719,2899.965969,739
[ 00:48:19.965 -->  00:48:20.708],ADL,therapist,2899.965969,2900.708469,740
[ 00:48:18.295 -->  00:48:32.909],ADK,patient,2900.708469,2913.482844,739
[ 00:48:34.056 -->  00:48:37.802],ADM,therapist,2913.482844,2927.556594,741
[ 00:48:48.248 -->  00:48:49.632],ADP,patient,2927.556594,2929.758781,744
[ 00:48:49.885 -->  00:48:54.964],ADQ,therapist,2929.758781,2936.103781,745
[ 00:48:57.242 -->  00:48:57.597],ADR,patient,2936.103781,2939.925969,746
[ 00:49:02.254 -->  00:49:05.916],ADS,therapist,2939.925969,2958.201594,747
[ 00:49:18.201 -->  00:49:18.927],ADW,patient,2958.201594,2958.927219,751
[ 00:49:17.475 -->  00:49:22.994],ADV,therapist,2958.927219,2963.998156,750
[ 00:49:25.002 -->  00:49:25.339],ADX,patient,2963.998156,2967.930031,752
[ 00:49:29.085 -->  00:49:29.625],ADZ,therapist,2967.930031,2969.971906,754
[ 00:49:30.317 -->  00:49:30.672],AEA,patient,2969.971906,2971.920969,755
[ 00:49:33.169 -->  00:49:33.692],AEB,therapist,2971.920969,2980.307844,756
[ 00:49:40.307 -->  00:49:40.729],AEE,patient,2980.307844,2980.729719,759
[ 00:49:38.738 -->  00:49:41.843],AED,therapist,2980.729719,2982.206281,758
[ 00:49:42.569 -->  00:49:42.990],AEF,patient,2982.206281,2983.320031,760
[ 00:49:43.649 -->  00:49:45.825],AEG,therapist,2983.320031,2989.361281,761
[ 00:49:49.605 -->  00:49:54.010],AEI,patient,2989.361281,2994.010344,763
[ 00:49:54.010 -->  00:49:54.449],AEK,therapist,2994.010344,2996.550031,764
[ 00:49:56.625 -->  00:49:57.030],AEM,patient,2996.550031,2997.199719,766
[ 00:49:57.368 -->  00:49:58.026],AEN,therapist,2997.199719,2998.541281,767
[ 00:49:59.055 -->  00:49:59.612],AEO,patient,2998.541281,3000.726594,768
[ 00:50:01.840 -->  00:50:03.426],AEP,therapist,3000.726594,3003.654406,769
[ 00:50:03.882 -->  00:50:04.287],AEQ,patient,3003.654406,3004.472844,770
[ 00:50:04.658 -->  00:50:06.075],AER,therapist,3004.472844,3010.699719,771
[ 00:50:10.699 -->  00:50:14.192],AET,patient,3010.699719,3015.863469,773
[ 00:50:17.534 -->  00:50:18.141],AEU,therapist,3015.863469,3018.301906,774
[ 00:50:18.462 -->  00:50:18.732],AEV,patient,3018.301906,3018.732219,775
